makale_id,temiz_tr,dil,pages,year,gold_journal,harf_orani,chars_per_page,tr_chars,replacement,title_sim,abstract_sim,author_recall,stock_body_len,grobid_ok,red,path,PRIMARY,TIER,FLAGS,kaynak
16979,0,tr,10,2002,Ankara Üniversitesi Tıp Fakültesi Mecmuası,90.5,3324,1089,0,0.0,0.0,1.0,20459,1,baslik_sim=0.0;ozet-yok,C:\Users\EG\Desktop\Tubitak___is\06_Benchmark_Veritabani\kolay_ham\makale_16979.pdf,header-title-yok,zor,header-title-yok,taze_zor
20869,0,tr,3,2003,Gülhane Tıp Dergisi,89.9,3187,390,0,0.0,1.0,0.0,5837,1,sayfa=3;baslik_sim=0.0;yazar_rec=0.0,C:\Users\EG\Desktop\Tubitak___is\06_Benchmark_Veritabani\kolay_ham\makale_20869.pdf,header-title-yok,zor,header-title-yok,taze_zor
97,0,mix,5,2004,Gazi Üniversitesi Diş Hekimliği Fakültesi Dergisi,0.0,1,0,0,0.0,0.0,0.0,0,0,taranmis/dusuk-metin;turkce-degil;grobid-crash;baslik_sim=0.0;ozet-yok;yazar_rec=0.0;govde-kisa,C:\Users\EG\Desktop\Tubitak___is\06_Benchmark_Veritabani\kolay_ham\makale_97.pdf,taranmis,zor,taranmis,taze_zor
15501,0,mix,4,2001,Selcuk Medical Journal,0.0,1,0,0,0.0,0.0,0.0,0,0,taranmis/dusuk-metin;turkce-degil;grobid-crash;baslik_sim=0.0;ozet-yok;yazar_rec=0.0;govde-kisa,C:\Users\EG\Desktop\Tubitak___is\06_Benchmark_Veritabani\kolay_ham\makale_15501.pdf,taranmis,zor,taranmis,taze_zor
20999,0,mix,18,2003,Hacettepe Sağlık İdaresi Dergisi,0.0,1,0,0,0.0,0.0,0.0,0,0,taranmis/dusuk-metin;turkce-degil;grobid-crash;baslik_sim=0.0;ozet-yok;yazar_rec=0.0;govde-kisa,C:\Users\EG\Desktop\Tubitak___is\06_Benchmark_Veritabani\kolay_ham\makale_20999.pdf,taranmis,zor,taranmis,taze_zor
39670,0,tr,9,2002,Anadolu Üniversitesi Bilim ve Teknoloji Dergisi :A-Uygulamalı Bilimler ve Mühendislik,85.7,3438,1263,0,0.257,0.976,0.75,23715,1,baslik_sim=0.257,C:\Users\EG\Desktop\Tubitak___is\06_Benchmark_Veritabani\kolay_ham\makale_39670.pdf,header-title-yok,zor,header-title-yok,taze_zor
19309,0,mix,8,2002,Türk Kardiyoloji Derneği Arşivi,0.0,1,0,0,0.0,0.0,0.0,0,0,taranmis/dusuk-metin;turkce-degil;grobid-crash;baslik_sim=0.0;ozet-yok;yazar_rec=0.0;govde-kisa,C:\Users\EG\Desktop\Tubitak___is\06_Benchmark_Veritabani\kolay_ham\makale_19309.pdf,taranmis,zor,taranmis,taze_zor
51524,0,tr,3,2004,Kartal Eğitim ve Araştırma Hastanesi Tıp Dergisi,89.0,4216,223,0,0.333,0.0,0.0,10743,1,sayfa=3;baslik_sim=0.333;ozet-yok;yazar_rec=0.0,C:\Users\EG\Desktop\Tubitak___is\06_Benchmark_Veritabani\kolay_ham\makale_51524.pdf,baslik-yanlis,orta,baslik-yanlis,taze_zor
52111,0,mix,5,2005,Türk Otolarengoloji Arşivi,86.0,4532,342,0,0.0,0.913,0.0,12557,1,baslik_sim=0.0;yazar_rec=0.0,C:\Users\EG\Desktop\Tubitak___is\06_Benchmark_Veritabani\kolay_ham\makale_52111.pdf,header-title-yok,zor,header-title-yok,taze_zor
60569,0,tr,12,2006,Ege Üniversitesi Ziraat Fakültesi Dergisi,88.4,2359,937,0,0.0,0.898,1.0,13969,1,baslik_sim=0.0,C:\Users\EG\Desktop\Tubitak___is\06_Benchmark_Veritabani\kolay_ham\makale_60569.pdf,header-title-yok,zor,header-title-yok,taze_zor
66053,0,tr,6,2007,Politeknik Dergisi,95.4,5504,2175,0,0.0,1.0,0.0,22530,1,baslik_sim=0.0;yazar_rec=0.0,C:\Users\EG\Desktop\Tubitak___is\06_Benchmark_Veritabani\kolay_ham\makale_66053.pdf,header-title-yok,zor,header-title-yok,taze_zor
67168,0,tr,4,2007,Gazi Üniversitesi Diş Hekimliği Fakültesi Dergisi,88.1,2818,256,0,0.684,0.041,0.5,7036,1,baslik_sim=0.684;ozet_sim=0.041,C:\Users\EG\Desktop\Tubitak___is\06_Benchmark_Veritabani\kolay_ham\makale_67168.pdf,baslik-yanlis,orta,baslik-yanlis,taze_zor
70226,0,tr,7,2006,Hacettepe Dişhekimliği Fakültesi Derg.(. Clinical Dentistry and Research),94.2,3101,1257,0,0.189,0.688,1.0,18583,1,baslik_sim=0.189,C:\Users\EG\Desktop\Tubitak___is\06_Benchmark_Veritabani\kolay_ham\makale_70226.pdf,header-title-yok,zor,header-title-yok,taze_zor
74406,0,tr,11,2007,Endüstri Mühendisliği,94.7,3487,1492,0,0.283,0.985,1.0,26312,1,baslik_sim=0.283,C:\Users\EG\Desktop\Tubitak___is\06_Benchmark_Veritabani\kolay_ham\makale_74406.pdf,header-title-yok,zor,header-title-yok,taze_zor
75205,0,tr,13,2007,Gazi Üniversitesi Ticaret ve Turizm Eğitim Fakültesi Dergisi,93.7,2584,1097,0,0.0,0.999,0.0,18567,1,baslik_sim=0.0;yazar_rec=0.0,C:\Users\EG\Desktop\Tubitak___is\06_Benchmark_Veritabani\kolay_ham\makale_75205.pdf,header-title-yok,zor,header-title-yok,taze_zor
84439,0,tr,15,2008,Selçuk Üniversitesi Ziraat Fakültesi Dergisi (:Selçuk Tarım ve Gıda Bilimleri Dergisi),88.5,5220,2017,0,0.0,0.726,0.0,52897,1,baslik_sim=0.0;yazar_rec=0.0,C:\Users\EG\Desktop\Tubitak___is\06_Benchmark_Veritabani\kolay_ham\makale_84439.pdf,header-title-yok,zor,header-title-yok,taze_zor
86189,0,tr,4,2008,Süleyman Demirel Üniversitesi Tıp Fakültesi Dergisi,92.8,3854,291,0,0.0,0.745,0.33,10527,1,baslik_sim=0.0;yazar_rec=0.33,C:\Users\EG\Desktop\Tubitak___is\06_Benchmark_Veritabani\kolay_ham\makale_86189.pdf,header-title-yok,zor,header-title-yok,taze_zor
91213,0,tr,3,2009,Türk Kardiyoloji Derneği Arşivi,92.2,2844,425,0,0.0,0.0,0.0,6816,1,sayfa=3;baslik_sim=0.0;ozet-yok;yazar_rec=0.0,C:\Users\EG\Desktop\Tubitak___is\06_Benchmark_Veritabani\kolay_ham\makale_91213.pdf,header-title-yok,zor,header-title-yok,taze_zor
92556,0,tr,6,2009,TSK Koruyucu Hekimlik Bülteni,90.6,4552,1772,0,0.0,0.527,0.0,7977,1,baslik_sim=0.0;yazar_rec=0.0,C:\Users\EG\Desktop\Tubitak___is\06_Benchmark_Veritabani\kolay_ham\makale_92556.pdf,header-title-yok,zor,header-title-yok,taze_zor
93048,0,tr,7,2009,Selçuk Tarım ve Gıda Bilimleri Dergisi,89.0,4451,1767,0,0.0,0.517,1.0,23592,1,baslik_sim=0.0,C:\Users\EG\Desktop\Tubitak___is\06_Benchmark_Veritabani\kolay_ham\makale_93048.pdf,header-title-yok,zor,header-title-yok,taze_zor
96367,0,tr,16,2009,Türkiyat Araştırmaları Dergisi,91.4,2592,938,0,0.31,0.777,1.0,25710,1,baslik_sim=0.31,C:\Users\EG\Desktop\Tubitak___is\06_Benchmark_Veritabani\kolay_ham\makale_96367.pdf,baslik-yanlis,orta,baslik-yanlis,taze_zor
96788,0,tr,8,2009,Türk Psikiyatri Dergisi,93.8,4265,1295,0,0.0,0.0,0.0,25545,1,baslik_sim=0.0;ozet-yok;yazar_rec=0.0,C:\Users\EG\Desktop\Tubitak___is\06_Benchmark_Veritabani\kolay_ham\makale_96788.pdf,header-title-yok,zor,header-title-yok,taze_zor
97047,0,tr,4,2009,Fiziksel Tıp ve Rehabilitasyon Bilimleri Dergisi,94.3,3315,232,0,0.654,0.427,1.0,10016,1,baslik_sim=0.654;ozet_sim=0.427,C:\Users\EG\Desktop\Tubitak___is\06_Benchmark_Veritabani\kolay_ham\makale_97047.pdf,baslik-yanlis,orta,baslik-yanlis,taze_zor
21003,0,mix,20,2003,Hacettepe Sağlık İdaresi Dergisi,0.0,1,0,0,0.0,0.0,0.0,0,0,taranmis/dusuk-metin;turkce-degil;grobid-crash;baslik_sim=0.0;ozet-yok;yazar_rec=0.0;govde-kisa,C:\Users\EG\Desktop\Tubitak___is\06_Benchmark_Veritabani\kolay_ham\makale_21003.pdf,taranmis,zor,taranmis,taze_zor
40190,0,mix,8,2004,Çukurova Üniversitesi Eğitim Fakültesi Dergisi,0.0,1,0,0,0.0,0.0,0.0,0,0,taranmis/dusuk-metin;turkce-degil;grobid-crash;baslik_sim=0.0;ozet-yok;yazar_rec=0.0;govde-kisa,C:\Users\EG\Desktop\Tubitak___is\06_Benchmark_Veritabani\kolay_ham\makale_40190.pdf,taranmis,zor,taranmis,taze_zor
103348,0,tr,20,2009,Erzincan Üniversitesi Eğitim Fakültesi Dergisi,86.6,2571,965,0,0.0,1.0,0.0,38777,1,baslik_sim=0.0;yazar_rec=0.0,C:\Users\EG\Desktop\Tubitak___is\06_Benchmark_Veritabani\kolay_ham\makale_103348.pdf,header-title-yok,zor,header-title-yok,taze_zor
48327,0,mix,7,2005,Gazi Üniversitesi Diş Hekimliği Fakültesi Dergisi,0.0,1,0,0,0.0,0.0,0.0,0,0,taranmis/dusuk-metin;turkce-degil;grobid-crash;baslik_sim=0.0;ozet-yok;yazar_rec=0.0;govde-kisa,C:\Users\EG\Desktop\Tubitak___is\06_Benchmark_Veritabani\kolay_ham\makale_48327.pdf,taranmis,zor,taranmis,taze_zor
113634,0,mix,15,2011,Eğitim ve Bilim,29.6,3567,99,0,0.0,0.0,0.0,161,1,taranmis/dusuk-metin;baslik_sim=0.0;ozet-yok;yazar_rec=0.0;govde-kisa,C:\Users\EG\Desktop\Tubitak___is\06_Benchmark_Veritabani\kolay_ham\makale_113634.pdf,bozuk-font,zor,bozuk-font,taze_zor
116678,0,tr,4,2011,Türk Kardiyoloji Derneği Arşivi,92.7,3402,666,0,0.0,0.0,0.0,10032,1,baslik_sim=0.0;ozet-yok;yazar_rec=0.0,C:\Users\EG\Desktop\Tubitak___is\06_Benchmark_Veritabani\kolay_ham\makale_116678.pdf,header-title-yok,zor,header-title-yok,taze_zor
121903,0,tr,33,2011,İstanbul Üniversitesi Hukuk Fakültesi Mecmuası,91.7,3483,1472,0,1.0,0.0,1.0,108549,1,sayfa=33;ozet_sim=0.0,C:\Users\EG\Desktop\Tubitak___is\06_Benchmark_Veritabani\kolay_ham\makale_121903.pdf,ozet-eksik,orta,ozet-eksik,taze_zor
126062,0,tr,4,2011,Eklem Hastalıkları ve Cerrahisi Dergisi (Eski Adı: Artroplasti Artroskopik Cerrahi Derg.),93.4,4705,1185,0,0.423,0.0,1.0,14425,1,baslik_sim=0.423;ozet-yok,C:\Users\EG\Desktop\Tubitak___is\06_Benchmark_Veritabani\kolay_ham\makale_126062.pdf,baslik-yanlis,orta,baslik-yanlis,taze_zor
126766,0,mix,4,2011,Türk Pediatri Arşivi,89.1,5899,1341,0,0.638,0.716,1.0,10994,1,baslik_sim=0.638,C:\Users\EG\Desktop\Tubitak___is\06_Benchmark_Veritabani\kolay_ham\makale_126766.pdf,baslik-yanlis,orta,baslik-yanlis,taze_zor
137525,0,mix,24,2012,Türkiye Barolar Birliği Dergisi,90.9,2957,1288,0,0.0,0.998,0.0,51365,1,baslik_sim=0.0;yazar_rec=0.0,C:\Users\EG\Desktop\Tubitak___is\06_Benchmark_Veritabani\kolay_ham\makale_137525.pdf,header-title-yok,zor,header-title-yok,taze_zor
142545,0,tr,20,2013,Finans Politik ve Ekonomik Yorumlar Dergisi,92.6,4108,1621,0,0.0,1.0,1.0,59014,1,baslik_sim=0.0,C:\Users\EG\Desktop\Tubitak___is\06_Benchmark_Veritabani\kolay_ham\makale_142545.pdf,header-title-yok,zor,header-title-yok,taze_zor
149455,0,tr,7,2013,Atatürk Üniversitesi Diş Hekimliği Fakültesi Dergisi,95.4,4347,1566,0,0.0,0.678,0.0,17234,1,baslik_sim=0.0;yazar_rec=0.0,C:\Users\EG\Desktop\Tubitak___is\06_Benchmark_Veritabani\kolay_ham\makale_149455.pdf,header-title-yok,zor,header-title-yok,taze_zor
154412,0,mix,3,2013,Göztepe Tıp Dergisi,85.9,4069,501,0,0.0,0.206,0.0,4553,1,sayfa=3;baslik_sim=0.0;ozet_sim=0.206;yazar_rec=0.0,C:\Users\EG\Desktop\Tubitak___is\06_Benchmark_Veritabani\kolay_ham\makale_154412.pdf,header-title-yok,zor,header-title-yok,taze_zor
175313,0,tr,3,2014,Yeni Üroloji Dergisi,89.4,4524,812,0,0.0,0.819,1.0,7283,1,sayfa=3;baslik_sim=0.0,C:\Users\EG\Desktop\Tubitak___is\06_Benchmark_Veritabani\kolay_ham\makale_175313.pdf,header-title-yok,zor,header-title-yok,taze_zor
176997,0,tr,24,2015,Folklor/Edebiyat,94.2,3401,1603,0,0.0,0.0,0.0,61792,1,baslik_sim=0.0;ozet-yok;yazar_rec=0.0,C:\Users\EG\Desktop\Tubitak___is\06_Benchmark_Veritabani\kolay_ham\makale_176997.pdf,header-title-yok,zor,header-title-yok,taze_zor
178406,0,tr,19,2015,Eğitim ve Bilim,93.5,3660,1710,0,0.226,0.996,1.0,52752,1,baslik_sim=0.226,C:\Users\EG\Desktop\Tubitak___is\06_Benchmark_Veritabani\kolay_ham\makale_178406.pdf,header-title-yok,zor,header-title-yok,taze_zor
197484,0,tr,5,2015,Sakarya University Journal of Education,95.8,3397,1790,0,0.0,0.0,0.0,15950,1,baslik_sim=0.0;ozet-yok;yazar_rec=0.0,C:\Users\EG\Desktop\Tubitak___is\06_Benchmark_Veritabani\kolay_ham\makale_197484.pdf,header-title-yok,zor,header-title-yok,taze_zor
100304,0,mix,5,2009,Türk Oftalmoloji Dergisi,0.0,1,0,0,0.0,0.0,0.0,0,0,taranmis/dusuk-metin;turkce-degil;grobid-crash;baslik_sim=0.0;ozet-yok;yazar_rec=0.0;govde-kisa,C:\Users\EG\Desktop\Tubitak___is\06_Benchmark_Veritabani\kolay_ham\makale_100304.pdf,taranmis,zor,taranmis,taze_zor
206906,0,tr,4,2016,İnsan & Toplum,97.2,3584,1589,0,0.0,0.0,0.0,13956,1,baslik_sim=0.0;ozet-yok;yazar_rec=0.0,C:\Users\EG\Desktop\Tubitak___is\06_Benchmark_Veritabani\kolay_ham\makale_206906.pdf,header-title-yok,zor,header-title-yok,taze_zor
223053,0,tr,4,2017,Jinekoloji-Obstetrik ve Neonatoloji Tıp Dergisi,89.3,6174,1534,0,0.765,0.026,1.0,9620,1,ozet_sim=0.026,C:\Users\EG\Desktop\Tubitak___is\06_Benchmark_Veritabani\kolay_ham\makale_223053.pdf,ozet-eksik,orta,ozet-eksik,taze_zor
229336,0,tr,4,2017,Dokuz Eylül Üniversitesi Tıp Fakültesi Dergisi,90.4,2784,609,0,0.681,0.995,1.0,7100,1,baslik_sim=0.681,C:\Users\EG\Desktop\Tubitak___is\06_Benchmark_Veritabani\kolay_ham\makale_229336.pdf,baslik-yanlis,orta,baslik-yanlis,taze_zor
236603,0,tr,20,2016,Anemon Muş Alparslan Üniversitesi Sosyal Bilimler Dergisi,93.9,2920,1202,0,0.0,0.757,0.0,22931,1,baslik_sim=0.0;yazar_rec=0.0,C:\Users\EG\Desktop\Tubitak___is\06_Benchmark_Veritabani\kolay_ham\makale_236603.pdf,header-title-yok,zor,header-title-yok,taze_zor
237206,0,tr,8,2016,Bezmiâlem Science,86.2,3899,847,0,0.0,0.997,1.0,19227,1,baslik_sim=0.0,C:\Users\EG\Desktop\Tubitak___is\06_Benchmark_Veritabani\kolay_ham\makale_237206.pdf,header-title-yok,zor,header-title-yok,taze_zor
245269,0,tr,20,2017,İnsan ve Toplum Bilimleri Araştırmaları Dergisi,92.5,2513,957,0,0.0,0.992,0.0,32760,1,baslik_sim=0.0;yazar_rec=0.0,C:\Users\EG\Desktop\Tubitak___is\06_Benchmark_Veritabani\kolay_ham\makale_245269.pdf,header-title-yok,zor,header-title-yok,taze_zor
263630,0,tr,20,2017,Türkiye Adalet Akademisi Dergisi,92.6,3187,1313,0,0.0,1.0,0.0,35072,1,baslik_sim=0.0;yazar_rec=0.0,C:\Users\EG\Desktop\Tubitak___is\06_Benchmark_Veritabani\kolay_ham\makale_263630.pdf,header-title-yok,zor,header-title-yok,taze_zor
265069,0,tr,9,2012,Turkish Studies (Elektronik),94.5,3311,1221,0,0.0,0.021,0.0,24053,1,baslik_sim=0.0;ozet_sim=0.021;yazar_rec=0.0,C:\Users\EG\Desktop\Tubitak___is\06_Benchmark_Veritabani\kolay_ham\makale_265069.pdf,header-title-yok,zor,header-title-yok,taze_zor
274237,0,tr,4,2017,Respiratory Case Reports,90.5,2991,579,0,0.684,0.69,1.0,6027,1,baslik_sim=0.684,C:\Users\EG\Desktop\Tubitak___is\06_Benchmark_Veritabani\kolay_ham\makale_274237.pdf,baslik-yanlis,orta,baslik-yanlis,taze_zor
287420,0,tr,5,2017,Türk Oftalmoloji Dergisi,89.5,4329,1399,0,0.264,0.999,1.0,14258,1,baslik_sim=0.264,C:\Users\EG\Desktop\Tubitak___is\06_Benchmark_Veritabani\kolay_ham\makale_287420.pdf,header-title-yok,zor,header-title-yok,taze_zor
287695,0,tr,16,2018,MARMARA COĞRAFYA DERGİSİ,94.1,4208,1734,0,0.248,0.996,1.0,41341,1,baslik_sim=0.248,C:\Users\EG\Desktop\Tubitak___is\06_Benchmark_Veritabani\kolay_ham\makale_287695.pdf,header-title-yok,zor,header-title-yok,taze_zor
290325,0,tr,5,2017,Sosyal Bilimler Araştırmaları Dergisi,94.7,2654,1052,0,0.0,0.0,0.0,10336,1,baslik_sim=0.0;ozet_sim=0.0;yazar_rec=0.0,C:\Users\EG\Desktop\Tubitak___is\06_Benchmark_Veritabani\kolay_ham\makale_290325.pdf,header-title-yok,zor,header-title-yok,taze_zor
301139,0,tr,12,2018,Toplum ve Hekim,91.8,4439,2269,0,0.0,0.016,1.0,43369,1,baslik_sim=0.0;ozet_sim=0.016,C:\Users\EG\Desktop\Tubitak___is\06_Benchmark_Veritabani\kolay_ham\makale_301139.pdf,header-title-yok,zor,header-title-yok,taze_zor
311859,0,tr,6,2019,Haseki Tıp Bülteni,91.8,4641,1380,0,0.0,0.999,0.0,17122,1,baslik_sim=0.0;yazar_rec=0.0,C:\Users\EG\Desktop\Tubitak___is\06_Benchmark_Veritabani\kolay_ham\makale_311859.pdf,header-title-yok,zor,header-title-yok,taze_zor
312118,0,tr,33,2018,Journal of Tourism and Gastronomy Studies,90.6,3730,1440,0,0.681,0.996,0.75,53011,1,sayfa=33;baslik_sim=0.681,C:\Users\EG\Desktop\Tubitak___is\06_Benchmark_Veritabani\kolay_ham\makale_312118.pdf,baslik-yanlis,orta,baslik-yanlis,taze_zor
121423,0,mix,44,2007,Milletlerarası Hukuk ve Milletlerarası Özel Hukuk Bülteni,0.0,1,0,0,0.0,0.0,0.0,0,0,taranmis/dusuk-metin;sayfa=44;turkce-degil;grobid-crash;baslik_sim=0.0;ozet-yok;yazar_rec=0.0;govde-kisa,C:\Users\EG\Desktop\Tubitak___is\06_Benchmark_Veritabani\kolay_ham\makale_121423.pdf,taranmis,zor,taranmis,taze_zor
334504,0,tr,8,2019,Türkiye Klinikleri Diş Hekimliği Bilimleri Dergisi,93.1,3282,1155,0,0.0,0.0,0.25,22938,1,baslik_sim=0.0;ozet-yok;yazar_rec=0.25,C:\Users\EG\Desktop\Tubitak___is\06_Benchmark_Veritabani\kolay_ham\makale_334504.pdf,header-title-yok,zor,header-title-yok,taze_zor
346268,0,tr,26,2019,Maden Tetkik ve Arama Dergisi,81.3,4493,1242,0,0.252,0.871,1.0,52633,1,baslik_sim=0.252,C:\Users\EG\Desktop\Tubitak___is\06_Benchmark_Veritabani\kolay_ham\makale_346268.pdf,header-title-yok,zor,header-title-yok,taze_zor
354251,0,tr,9,2019,Anemon Muş Alparslan Üniversitesi Sosyal Bilimler Dergisi,90.1,4956,2341,0,0.123,0.456,1.0,25581,1,baslik_sim=0.123,C:\Users\EG\Desktop\Tubitak___is\06_Benchmark_Veritabani\kolay_ham\makale_354251.pdf,header-title-yok,zor,header-title-yok,taze_zor
358808,0,tr,29,2020,Bingöl Üniversitesi İlahiyat Fakültesi Dergisi,87.6,3243,960,0,0.588,0.019,0.0,60522,1,baslik_sim=0.588;ozet_sim=0.019;yazar_rec=0.0,C:\Users\EG\Desktop\Tubitak___is\06_Benchmark_Veritabani\kolay_ham\makale_358808.pdf,baslik-yanlis,orta,baslik-yanlis,taze_zor
363565,0,tr,33,2019,Uluslararası Türkçe Edebiyat Kültür Eğitim (TEKE) Dergisi,91.7,3030,1270,0,0.858,0.01,1.0,81987,1,sayfa=33;ozet_sim=0.01,C:\Users\EG\Desktop\Tubitak___is\06_Benchmark_Veritabani\kolay_ham\makale_363565.pdf,ozet-eksik,orta,ozet-eksik,taze_zor
371293,0,tr,6,2020,Türkiye Klinikleri Diş Hekimliği Bilimleri Dergisi,91.2,4439,1208,0,0.17,0.015,1.0,13272,1,baslik_sim=0.17;ozet_sim=0.015,C:\Users\EG\Desktop\Tubitak___is\06_Benchmark_Veritabani\kolay_ham\makale_371293.pdf,header-title-yok,zor,header-title-yok,taze_zor
371774,0,tr,4,2019,Acta Medica Alanya,88.7,3379,691,0,0.694,0.996,1.0,7697,1,baslik_sim=0.694,C:\Users\EG\Desktop\Tubitak___is\06_Benchmark_Veritabani\kolay_ham\makale_371774.pdf,baslik-yanlis,orta,baslik-yanlis,taze_zor
384756,0,tr,16,2019,Dokuz Eylül Üniversitesi Sosyal Bilimler Enstitüsü Dergisi,94.6,3067,1222,0,0.218,0.998,1.0,27763,1,baslik_sim=0.218,C:\Users\EG\Desktop\Tubitak___is\06_Benchmark_Veritabani\kolay_ham\makale_384756.pdf,header-title-yok,zor,header-title-yok,taze_zor
429984,0,tr,6,2020,Ege Klinikleri Tıp Dergisi,90.9,2946,910,0,0.188,0.891,0.0,11530,1,baslik_sim=0.188;yazar_rec=0.0,C:\Users\EG\Desktop\Tubitak___is\06_Benchmark_Veritabani\kolay_ham\makale_429984.pdf,header-title-yok,zor,header-title-yok,taze_zor
432172,0,mix,29,2021,İnsan ve Toplum Bilimleri Araştırmaları Dergisi,93.0,2727,934,0,0.242,1.0,0.0,60634,1,baslik_sim=0.242;yazar_rec=0.0,C:\Users\EG\Desktop\Tubitak___is\06_Benchmark_Veritabani\kolay_ham\makale_432172.pdf,header-title-yok,zor,header-title-yok,taze_zor
452007,0,tr,11,2021,Atatürk Üniversitesi Ziraat Fakültesi Dergisi,88.5,4890,1421,0,0.267,0.991,1.0,25921,1,baslik_sim=0.267,C:\Users\EG\Desktop\Tubitak___is\06_Benchmark_Veritabani\kolay_ham\makale_452007.pdf,header-title-yok,zor,header-title-yok,taze_zor
455349,0,tr,24,2021,Toplum ve Sosyal Hizmet,94.4,3569,1356,0,0.298,0.382,1.0,56965,1,baslik_sim=0.298;ozet_sim=0.382,C:\Users\EG\Desktop\Tubitak___is\06_Benchmark_Veritabani\kolay_ham\makale_455349.pdf,header-title-yok,zor,header-title-yok,taze_zor
490182,0,tr,30,2020,Türk Psikoloji Yazıları,91.2,4541,1931,0,1.0,0.009,1.0,80252,1,ozet-yok,C:\Users\EG\Desktop\Tubitak___is\06_Benchmark_Veritabani\kolay_ham\makale_490182.pdf,ozet-eksik,orta,ozet-eksik,taze_zor
491786,0,tr,11,2020,Bilişim Teknolojileri Dergisi,90.4,4187,1459,0,0.0,0.018,0.0,29120,1,baslik_sim=0.0;ozet_sim=0.018;yazar_rec=0.0,C:\Users\EG\Desktop\Tubitak___is\06_Benchmark_Veritabani\kolay_ham\makale_491786.pdf,header-title-yok,zor,header-title-yok,taze_zor
492275,0,tr,6,2021,Trakya Üniversitesi Balkan Araştırma Enstitüsü Dergisi,91.0,2365,1078,0,0.0,0.0,0.0,10445,1,baslik_sim=0.0;ozet-yok;yazar_rec=0.0,C:\Users\EG\Desktop\Tubitak___is\06_Benchmark_Veritabani\kolay_ham\makale_492275.pdf,header-title-yok,zor,header-title-yok,taze_zor
515053,0,tr,26,2021,Türk İdare Dergisi,94.6,2122,824,0,0.0,0.999,0.0,49739,1,baslik_sim=0.0;yazar_rec=0.0,C:\Users\EG\Desktop\Tubitak___is\06_Benchmark_Veritabani\kolay_ham\makale_515053.pdf,header-title-yok,zor,header-title-yok,taze_zor
516824,0,tr,8,2021,Mali Çözüm,96.1,2562,1135,0,0.0,0.0,0.0,18835,1,baslik_sim=0.0;ozet-yok;yazar_rec=0.0,C:\Users\EG\Desktop\Tubitak___is\06_Benchmark_Veritabani\kolay_ham\makale_516824.pdf,header-title-yok,zor,header-title-yok,taze_zor
601136,0,mix,57,1972,,0.0,1,0,0,0.0,0.0,0.0,0,0,taranmis/dusuk-metin;sayfa=57;turkce-degil;grobid-crash;baslik_sim=0.0;ozet-yok;yazar_rec=0.0;govde-kisa,C:\Users\EG\Desktop\Tubitak___is\06_Benchmark_Veritabani\kolay_ham\makale_601136.pdf,taranmis,zor,taranmis,taze_zor
604454,0,mix,29,2000,,0.0,1,0,0,0.0,0.0,0.0,0,0,taranmis/dusuk-metin;turkce-degil;grobid-crash;baslik_sim=0.0;ozet-yok;yazar_rec=0.0;govde-kisa,C:\Users\EG\Desktop\Tubitak___is\06_Benchmark_Veritabani\kolay_ham\makale_604454.pdf,taranmis,zor,taranmis,taze_zor
604823,0,mix,32,1980,,0.0,1,0,0,0.0,0.0,0.0,0,0,taranmis/dusuk-metin;sayfa=32;turkce-degil;grobid-crash;baslik_sim=0.0;ozet-yok;yazar_rec=0.0;govde-kisa,C:\Users\EG\Desktop\Tubitak___is\06_Benchmark_Veritabani\kolay_ham\makale_604823.pdf,taranmis,zor,taranmis,taze_zor
606603,0,mix,26,1996,,0.0,1,0,0,0.0,0.0,0.0,0,0,taranmis/dusuk-metin;turkce-degil;grobid-crash;baslik_sim=0.0;ozet-yok;yazar_rec=0.0;govde-kisa,C:\Users\EG\Desktop\Tubitak___is\06_Benchmark_Veritabani\kolay_ham\makale_606603.pdf,taranmis,zor,taranmis,taze_zor
606615,0,mix,29,1995,,0.0,1,0,0,0.0,0.0,0.0,0,0,taranmis/dusuk-metin;turkce-degil;grobid-crash;baslik_sim=0.0;ozet-yok;yazar_rec=0.0;govde-kisa,C:\Users\EG\Desktop\Tubitak___is\06_Benchmark_Veritabani\kolay_ham\makale_606615.pdf,taranmis,zor,taranmis,taze_zor
1071553,0,tr,35,2022,Ahi Evran Üniversitesi Kırşehir Eğitim Fakültesi Dergisi,91.5,3321,1353,0,0.0,0.848,1.0,71717,1,sayfa=35;baslik_sim=0.0,C:\Users\EG\Desktop\Tubitak___is\06_Benchmark_Veritabani\kolay_ham\makale_1071553.pdf,header-title-yok,zor,header-title-yok,taze_zor
606746,0,mix,53,2006,,0.0,1,0,0,0.0,0.0,0.0,0,0,taranmis/dusuk-metin;sayfa=53;turkce-degil;grobid-crash;baslik_sim=0.0;ozet-yok;yazar_rec=0.0;govde-kisa,C:\Users\EG\Desktop\Tubitak___is\06_Benchmark_Veritabani\kolay_ham\makale_606746.pdf,taranmis,zor,taranmis,taze_zor
1098179,0,tr,30,2021,Dokuz Eylül Üniversitesi İşletme Fakültesi Dergisi,92.3,3285,1317,0,0.0,0.846,0.0,64051,1,baslik_sim=0.0;yazar_rec=0.0,C:\Users\EG\Desktop\Tubitak___is\06_Benchmark_Veritabani\kolay_ham\makale_1098179.pdf,header-title-yok,zor,header-title-yok,taze_zor
1110829,0,mix,22,2021,Bingöl Üniversitesi Sosyal Bilimler Enstitüsü Dergisi,95.1,2739,836,0,0.0,0.547,0.0,40122,1,baslik_sim=0.0;yazar_rec=0.0,C:\Users\EG\Desktop\Tubitak___is\06_Benchmark_Veritabani\kolay_ham\makale_1110829.pdf,header-title-yok,zor,header-title-yok,taze_zor
1111182,0,tr,14,2021,Bingöl Üniversitesi İlahiyat Fakültesi Dergisi,94.2,4173,1597,0,0.0,0.03,0.0,43361,1,baslik_sim=0.0;ozet_sim=0.03;yazar_rec=0.0,C:\Users\EG\Desktop\Tubitak___is\06_Benchmark_Veritabani\kolay_ham\makale_1111182.pdf,header-title-yok,zor,header-title-yok,taze_zor
1113752,0,tr,10,2021,Tokat ilmiyat dergisi,93.7,2394,929,0,0.171,0.995,0.0,20897,1,baslik_sim=0.171;yazar_rec=0.0,C:\Users\EG\Desktop\Tubitak___is\06_Benchmark_Veritabani\kolay_ham\makale_1113752.pdf,header-title-yok,zor,header-title-yok,taze_zor
1113421,0,mix,7,2021,Tokat ilmiyat dergisi,95.3,2559,872,0,0.286,1.0,0.0,14073,1,baslik_sim=0.286;yazar_rec=0.0,C:\Users\EG\Desktop\Tubitak___is\06_Benchmark_Veritabani\kolay_ham\makale_1113421.pdf,header-title-yok,zor,header-title-yok,taze_zor
1127353,0,tr,5,2021,Van Tıp Dergisi,88.3,4165,1145,0,0.19,0.037,1.0,12380,1,baslik_sim=0.19;ozet_sim=0.037,C:\Users\EG\Desktop\Tubitak___is\06_Benchmark_Veritabani\kolay_ham\makale_1127353.pdf,header-title-yok,zor,header-title-yok,taze_zor
1129187,0,tr,14,2022,"YEDİ: SANAT, TASARIM VE BİLİM DERGİSİ",94.8,4156,1539,0,0.169,0.025,0.0,32425,1,baslik_sim=0.169;ozet_sim=0.025;yazar_rec=0.0,C:\Users\EG\Desktop\Tubitak___is\06_Benchmark_Veritabani\kolay_ham\makale_1129187.pdf,header-title-yok,zor,header-title-yok,taze_zor
1130859,0,tr,15,2022,Kent Akademisi (Online),92.5,3626,1499,0,0.374,0.809,1.0,32701,1,baslik_sim=0.374,C:\Users\EG\Desktop\Tubitak___is\06_Benchmark_Veritabani\kolay_ham\makale_1130859.pdf,baslik-yanlis,orta,baslik-yanlis,taze_zor
1130641,0,tr,19,2022,Avrasya Uluslararası Araştırmalar Dergisi,96.2,3393,1300,0,0.272,0.998,1.0,47082,1,baslik_sim=0.272,C:\Users\EG\Desktop\Tubitak___is\06_Benchmark_Veritabani\kolay_ham\makale_1130641.pdf,header-title-yok,zor,header-title-yok,taze_zor
1134983,0,mix,29,2022,Türkiye Barolar Birliği Dergisi,92.4,2357,913,0,0.632,0.997,1.0,42494,1,baslik_sim=0.632,C:\Users\EG\Desktop\Tubitak___is\06_Benchmark_Veritabani\kolay_ham\makale_1134983.pdf,baslik-yanlis,orta,baslik-yanlis,taze_zor
1137352,0,tr,18,2022,Toplum ve Sosyal Hizmet,94.5,3494,1568,0,0.262,0.998,0.75,38482,1,baslik_sim=0.262,C:\Users\EG\Desktop\Tubitak___is\06_Benchmark_Veritabani\kolay_ham\makale_1137352.pdf,header-title-yok,zor,header-title-yok,taze_zor
1137899,0,tr,16,2022,Iğdır Üniversitesi Sosyal Bilimler Dergisi,93.2,4160,1828,0,0.32,0.978,0.0,36953,1,baslik_sim=0.32;yazar_rec=0.0,C:\Users\EG\Desktop\Tubitak___is\06_Benchmark_Veritabani\kolay_ham\makale_1137899.pdf,baslik-yanlis,orta,baslik-yanlis,taze_zor
1140480,0,tr,14,2020,Ortaçağ Araştırmaları Dergisi,93.7,4699,1750,0,0.0,0.017,0.0,30817,1,baslik_sim=0.0;ozet_sim=0.017;yazar_rec=0.0,C:\Users\EG\Desktop\Tubitak___is\06_Benchmark_Veritabani\kolay_ham\makale_1140480.pdf,header-title-yok,zor,header-title-yok,taze_zor
1140884,0,tr,26,2022,Afyon Kocatepe Üniversitesi Sosyal Bilimler Dergisi,94.3,4478,1818,0,0.0,1.0,0.0,58530,1,baslik_sim=0.0;yazar_rec=0.0,C:\Users\EG\Desktop\Tubitak___is\06_Benchmark_Veritabani\kolay_ham\makale_1140884.pdf,header-title-yok,zor,header-title-yok,taze_zor
1140622,0,tr,22,2020,Ortaçağ Araştırmaları Dergisi,91.9,7368,2972,0,0.0,0.465,1.0,121791,1,baslik_sim=0.0,C:\Users\EG\Desktop\Tubitak___is\06_Benchmark_Veritabani\kolay_ham\makale_1140622.pdf,header-title-yok,zor,header-title-yok,taze_zor
1147801,0,tr,28,2020,Akademik İncelemeler Dergisi,92.6,1938,692,0,0.0,0.679,0.5,27970,1,baslik_sim=0.0,C:\Users\EG\Desktop\Tubitak___is\06_Benchmark_Veritabani\kolay_ham\makale_1147801.pdf,header-title-yok,zor,header-title-yok,taze_zor
1153403,0,tr,13,2023,Tekirdağ Ziraat Fakültesi Dergisi,87.9,3612,1237,0,0.24,0.112,0.5,31779,1,baslik_sim=0.24;ozet-yok,C:\Users\EG\Desktop\Tubitak___is\06_Benchmark_Veritabani\kolay_ham\makale_1153403.pdf,header-title-yok,zor,header-title-yok,taze_zor
1157847,0,tr,7,2022,Sağlık Bilimleri Dergisi,88.8,4893,2093,0,0.299,0.986,1.0,20584,1,baslik_sim=0.299,C:\Users\EG\Desktop\Tubitak___is\06_Benchmark_Veritabani\kolay_ham\makale_1157847.pdf,header-title-yok,zor,header-title-yok,taze_zor
1157862,0,tr,6,2022,Sağlık Bilimleri Dergisi,90.6,5383,1478,0,0.365,0.999,1.0,17385,1,baslik_sim=0.365,C:\Users\EG\Desktop\Tubitak___is\06_Benchmark_Veritabani\kolay_ham\makale_1157862.pdf,baslik-yanlis,orta,baslik-yanlis,taze_zor
1161546,0,mix,30,2023,Gazi Üniversitesi Fen Bilimleri Dergisi Part C: Tasarım ve Teknoloji,94.2,3615,1042,0,1.0,0.018,1.0,58171,1,ozet_sim=0.018,C:\Users\EG\Desktop\Tubitak___is\06_Benchmark_Veritabani\kolay_ham\makale_1161546.pdf,ozet-eksik,orta,ozet-eksik,taze_zor
1166710,0,mix,4,2023,Sabiad ,89.4,4776,1050,0,0.69,0.888,1.0,10553,1,baslik_sim=0.69,C:\Users\EG\Desktop\Tubitak___is\06_Benchmark_Veritabani\kolay_ham\makale_1166710.pdf,baslik-yanlis,orta,baslik-yanlis,taze_zor
1179764,0,mix,30,2023,Türk Dili Araştırmaları Yıllığı - Belleten,93.2,2837,1107,0,0.0,0.97,0.0,50612,1,baslik_sim=0.0;yazar_rec=0.0,C:\Users\EG\Desktop\Tubitak___is\06_Benchmark_Veritabani\kolay_ham\makale_1179764.pdf,header-title-yok,zor,header-title-yok,taze_zor
1183478,0,tr,8,2023,Balıkesir Sağlık Bilimleri Dergisi   (BSBD),85.8,4473,1619,0,0.266,0.483,1.0,25046,1,baslik_sim=0.266,C:\Users\EG\Desktop\Tubitak___is\06_Benchmark_Veritabani\kolay_ham\makale_1183478.pdf,header-title-yok,zor,header-title-yok,taze_zor
1183306,0,mix,31,2023,Tasavvur - Tekirdağ İlahiyat Dergisi (Online),88.6,2345,560,0,0.0,0.049,1.0,38652,1,sayfa=31;baslik_sim=0.0;ozet_sim=0.049,C:\Users\EG\Desktop\Tubitak___is\06_Benchmark_Veritabani\kolay_ham\makale_1183306.pdf,header-title-yok,zor,header-title-yok,taze_zor
1186923,0,tr,12,2023,Sakarya Tıp Dergisi,89.9,4208,1134,0,0.0,0.428,1.0,26941,1,baslik_sim=0.0;ozet_sim=0.428,C:\Users\EG\Desktop\Tubitak___is\06_Benchmark_Veritabani\kolay_ham\makale_1186923.pdf,header-title-yok,zor,header-title-yok,taze_zor
1193386,0,tr,18,2023,Motif Akademi Halkbilimi Dergisi,95.0,3092,1393,0,0.0,1.0,0.0,33098,1,baslik_sim=0.0;yazar_rec=0.0,C:\Users\EG\Desktop\Tubitak___is\06_Benchmark_Veritabani\kolay_ham\makale_1193386.pdf,header-title-yok,zor,header-title-yok,taze_zor
1195276,0,tr,8,2023,Erciyes Üniversitesi İktisadi ve İdari Bilimler Fakültesi Dergisi,95.5,7837,3815,0,0.257,0.057,0.67,47008,1,baslik_sim=0.257;ozet-yok,C:\Users\EG\Desktop\Tubitak___is\06_Benchmark_Veritabani\kolay_ham\makale_1195276.pdf,header-title-yok,zor,header-title-yok,taze_zor
1197063,0,tr,22,2023,Kent Akademisi (Online),95.1,3745,1605,0,0.274,1.0,0.0,50366,1,baslik_sim=0.274;yazar_rec=0.0,C:\Users\EG\Desktop\Tubitak___is\06_Benchmark_Veritabani\kolay_ham\makale_1197063.pdf,header-title-yok,zor,header-title-yok,taze_zor
1198921,0,tr,22,2022,Korkut Ata Türkiyat Araştırmaları Dergisi (Online),93.8,4303,1613,0,0.386,1.0,0.0,60310,1,baslik_sim=0.386;yazar_rec=0.0,C:\Users\EG\Desktop\Tubitak___is\06_Benchmark_Veritabani\kolay_ham\makale_1198921.pdf,baslik-yanlis,orta,baslik-yanlis,taze_zor
1201045,0,mix,30,2023,Sanat Tarihi Dergisi,93.5,3104,1038,0,0.25,0.022,0.0,63868,1,baslik_sim=0.25;ozet_sim=0.022;yazar_rec=0.0,C:\Users\EG\Desktop\Tubitak___is\06_Benchmark_Veritabani\kolay_ham\makale_1201045.pdf,header-title-yok,zor,header-title-yok,taze_zor
1207471,0,mix,33,2023,Avrasya Uluslararası Araştırmalar Dergisi,92.2,3440,1125,0,0.0,0.912,0.0,73708,1,sayfa=33;baslik_sim=0.0;yazar_rec=0.0,C:\Users\EG\Desktop\Tubitak___is\06_Benchmark_Veritabani\kolay_ham\makale_1207471.pdf,header-title-yok,zor,header-title-yok,taze_zor
1211243,0,tr,14,2023,Iğdır Üniversitesi Fen Bilimleri Enstitüsü Dergisi,86.6,3603,1325,0,0.212,0.908,0.0,33679,1,baslik_sim=0.212;yazar_rec=0.0,C:\Users\EG\Desktop\Tubitak___is\06_Benchmark_Veritabani\kolay_ham\makale_1211243.pdf,header-title-yok,zor,header-title-yok,taze_zor
1217027,0,mix,23,2023,Akademik Dil ve Edebiyat Dergisi ,92.3,3276,1168,0,0.311,0.016,0.0,41158,1,baslik_sim=0.311;ozet_sim=0.016;yazar_rec=0.0,C:\Users\EG\Desktop\Tubitak___is\06_Benchmark_Veritabani\kolay_ham\makale_1217027.pdf,baslik-yanlis,orta,baslik-yanlis,taze_zor
1219105,0,tr,9,2023,Süleyman Demirel Üniversitesi Tıp Fakültesi Dergisi,92.2,3618,1059,0,0.0,0.251,1.0,24243,1,baslik_sim=0.0;ozet_sim=0.251,C:\Users\EG\Desktop\Tubitak___is\06_Benchmark_Veritabani\kolay_ham\makale_1219105.pdf,header-title-yok,zor,header-title-yok,taze_zor
1219145,0,tr,23,2023,CBÜ Beden Eğitimi ve Spor Bilimleri Dergisi,93.8,3694,1347,0,0.238,0.167,1.0,43142,1,baslik_sim=0.238;ozet_sim=0.167,C:\Users\EG\Desktop\Tubitak___is\06_Benchmark_Veritabani\kolay_ham\makale_1219145.pdf,header-title-yok,zor,header-title-yok,taze_zor
1223506,0,tr,7,2023,ADO Klinik Bilimler Dergisi (online),89.2,3934,1172,0,0.271,0.859,0.0,19601,1,baslik_sim=0.271;yazar_rec=0.0,C:\Users\EG\Desktop\Tubitak___is\06_Benchmark_Veritabani\kolay_ham\makale_1223506.pdf,header-title-yok,zor,header-title-yok,taze_zor
1224440,0,mix,20,2024,Türkiye Jeoloji Bülteni,93.6,3654,1232,0,0.0,0.58,0.0,46296,1,baslik_sim=0.0;yazar_rec=0.0,C:\Users\EG\Desktop\Tubitak___is\06_Benchmark_Veritabani\kolay_ham\makale_1224440.pdf,header-title-yok,zor,header-title-yok,taze_zor
1229597,0,tr,15,2024,Afyon Kocatepe Üniversitesi Sosyal Bilimler Dergisi,94.4,4471,2055,0,0.0,0.949,1.0,41700,1,baslik_sim=0.0,C:\Users\EG\Desktop\Tubitak___is\06_Benchmark_Veritabani\kolay_ham\makale_1229597.pdf,header-title-yok,zor,header-title-yok,taze_zor
1233253,0,tr,24,2024,Yüzüncü Yıl Üniversitesi Fen Bilimleri Enstitüsü Dergisi,91.5,3311,1347,0,0.0,0.008,1.0,45607,1,baslik_sim=0.0;ozet_sim=0.008,C:\Users\EG\Desktop\Tubitak___is\06_Benchmark_Veritabani\kolay_ham\makale_1233253.pdf,header-title-yok,zor,header-title-yok,taze_zor
1234905,0,tr,26,2019,,89.8,670,238,0,0.0,0.054,0.0,31549,1,baslik_sim=0.0;ozet_sim=0.054;yazar_rec=0.0,C:\Users\EG\Desktop\Tubitak___is\06_Benchmark_Veritabani\kolay_ham\makale_1234905.pdf,header-title-yok,zor,header-title-yok,taze_zor
1239504,0,tr,7,2024,Türkiye Klinikleri Oftalmoloji Dergisi,89.6,4414,1537,0,0.203,0.636,1.0,17850,1,baslik_sim=0.203,C:\Users\EG\Desktop\Tubitak___is\06_Benchmark_Veritabani\kolay_ham\makale_1239504.pdf,header-title-yok,zor,header-title-yok,taze_zor
1239612,0,tr,13,2024,Türkiye Klinikleri Spor Bilimleri Dergisi,95.4,4929,1950,0,0.31,0.611,0.5,32114,1,baslik_sim=0.31,C:\Users\EG\Desktop\Tubitak___is\06_Benchmark_Veritabani\kolay_ham\makale_1239612.pdf,baslik-yanlis,orta,baslik-yanlis,taze_zor
1243239,0,tr,4,2022,Journal of medicine and palliative care (Online),93.1,5110,1402,0,0.67,0.09,1.0,14603,1,baslik_sim=0.67;ozet_sim=0.09,C:\Users\EG\Desktop\Tubitak___is\06_Benchmark_Veritabani\kolay_ham\makale_1243239.pdf,baslik-yanlis,orta,baslik-yanlis,taze_zor
1253528,0,tr,20,2024,ÖNERİ,95.3,3366,1538,0,0.243,0.407,0.0,38682,1,baslik_sim=0.243;ozet_sim=0.407;yazar_rec=0.0,C:\Users\EG\Desktop\Tubitak___is\06_Benchmark_Veritabani\kolay_ham\makale_1253528.pdf,header-title-yok,zor,header-title-yok,taze_zor
1255412,0,tr,16,2024,Dumlupınar Üniversitesi Sosyal Bilimler Dergisi,94.5,3774,1664,0,0.253,0.993,1.0,34338,1,baslik_sim=0.253,C:\Users\EG\Desktop\Tubitak___is\06_Benchmark_Veritabani\kolay_ham\makale_1255412.pdf,header-title-yok,zor,header-title-yok,taze_zor
1257424,0,mix,14,2024,Mîzânül-Hak: İslami İlimler Dergisi,90.8,3391,1109,0,0.166,0.012,0.0,18011,1,baslik_sim=0.166;ozet_sim=0.012;yazar_rec=0.0,C:\Users\EG\Desktop\Tubitak___is\06_Benchmark_Veritabani\kolay_ham\makale_1257424.pdf,header-title-yok,zor,header-title-yok,taze_zor
1258522,0,tr,7,2023,Türkiye Klinikleri Adli Tıp ve Adli Bilimler Dergisi,93.2,4586,1804,0,0.34,0.588,1.0,22774,1,baslik_sim=0.34,C:\Users\EG\Desktop\Tubitak___is\06_Benchmark_Veritabani\kolay_ham\makale_1258522.pdf,baslik-yanlis,orta,baslik-yanlis,taze_zor
1260086,0,mix,12,2024,Akademik Dil ve Edebiyat Dergisi ,90.0,2667,920,0,0.198,0.011,0.0,21938,1,baslik_sim=0.198;ozet_sim=0.011;yazar_rec=0.0,C:\Users\EG\Desktop\Tubitak___is\06_Benchmark_Veritabani\kolay_ham\makale_1260086.pdf,header-title-yok,zor,header-title-yok,taze_zor
1259616,0,mix,34,2023,Cumhuriyet Tarihi Araştırmaları Dergisi,91.8,2775,896,0,0.93,0.578,0.0,77430,1,sayfa=34;yazar_rec=0.0,C:\Users\EG\Desktop\Tubitak___is\06_Benchmark_Veritabani\kolay_ham\makale_1259616.pdf,yazar-eksik,orta,yazar-eksik,taze_zor
1260774,0,tr,36,2024,Gazi Eğitim Fakültesi Dergisi,93.6,2447,903,0,0.681,0.896,1.0,51364,1,sayfa=36;baslik_sim=0.681,C:\Users\EG\Desktop\Tubitak___is\06_Benchmark_Veritabani\kolay_ham\makale_1260774.pdf,baslik-yanlis,orta,baslik-yanlis,taze_zor
1261974,0,tr,8,2023,Çocuk ve Gençlik Ruh Sağlığı Dergisi,89.6,4299,1720,0,0.0,0.989,0.0,24134,1,baslik_sim=0.0;yazar_rec=0.0,C:\Users\EG\Desktop\Tubitak___is\06_Benchmark_Veritabani\kolay_ham\makale_1261974.pdf,header-title-yok,zor,header-title-yok,taze_zor
1267288,0,tr,16,2023,PLANLAMA,94.4,5912,2368,0,0.0,0.87,0.0,64549,1,baslik_sim=0.0;yazar_rec=0.0,C:\Users\EG\Desktop\Tubitak___is\06_Benchmark_Veritabani\kolay_ham\makale_1267288.pdf,header-title-yok,zor,header-title-yok,taze_zor
1267293,0,tr,18,2023,PLANLAMA,94.9,6023,2652,0,0.0,0.0,0.0,74682,1,baslik_sim=0.0;ozet-yok;yazar_rec=0.0,C:\Users\EG\Desktop\Tubitak___is\06_Benchmark_Veritabani\kolay_ham\makale_1267293.pdf,header-title-yok,zor,header-title-yok,taze_zor
1283339,0,tr,14,2024,Dergiabant,90.3,4628,1493,0,0.0,0.999,1.0,23958,1,baslik_sim=0.0,C:\Users\EG\Desktop\Tubitak___is\06_Benchmark_Veritabani\kolay_ham\makale_1283339.pdf,header-title-yok,zor,header-title-yok,taze_zor
1284823,0,tr,11,2024,Gazi Mühendislik Bilimleri Dergisi,92.4,3893,1545,0,0.389,0.993,1.0,27102,1,baslik_sim=0.389,C:\Users\EG\Desktop\Tubitak___is\06_Benchmark_Veritabani\kolay_ham\makale_1284823.pdf,baslik-yanlis,orta,baslik-yanlis,taze_zor
1287854,0,mix,22,2024,Arış (Online),92.7,2500,1106,0,0.163,0.858,0.0,31236,1,baslik_sim=0.163;yazar_rec=0.0,C:\Users\EG\Desktop\Tubitak___is\06_Benchmark_Veritabani\kolay_ham\makale_1287854.pdf,header-title-yok,zor,header-title-yok,taze_zor
1291569,0,tr,16,2024,Afyon Kocatepe Üniversitesi Sosyal Bilimler Dergisi,93.5,4198,1875,0,0.0,0.701,0.0,31861,1,baslik_sim=0.0;yazar_rec=0.0,C:\Users\EG\Desktop\Tubitak___is\06_Benchmark_Veritabani\kolay_ham\makale_1291569.pdf,header-title-yok,zor,header-title-yok,taze_zor
1293412,0,tr,24,2024,İnönü Üniversitesi Uluslararası Sosyal Bilimler Dergisi,93.0,3008,837,0,0.118,0.024,0.0,46850,1,baslik_sim=0.118;ozet_sim=0.024;yazar_rec=0.0,C:\Users\EG\Desktop\Tubitak___is\06_Benchmark_Veritabani\kolay_ham\makale_1293412.pdf,header-title-yok,zor,header-title-yok,taze_zor
1294070,0,tr,11,2024,Avrasya Uluslararası Araştırmalar Dergisi,94.8,3083,1344,0,0.0,1.0,0.0,19693,1,baslik_sim=0.0;yazar_rec=0.0,C:\Users\EG\Desktop\Tubitak___is\06_Benchmark_Veritabani\kolay_ham\makale_1294070.pdf,header-title-yok,zor,header-title-yok,taze_zor
1296925,0,tr,22,2025,Kent Akademisi (Online),91.4,3547,1310,0,0.232,0.998,1.0,28339,1,baslik_sim=0.232,C:\Users\EG\Desktop\Tubitak___is\06_Benchmark_Veritabani\kolay_ham\makale_1296925.pdf,header-title-yok,zor,header-title-yok,taze_zor
1297474,0,tr,22,2025,Toplum ve Sosyal Hizmet,95.4,3438,1324,0,0.268,0.999,0.0,60219,1,baslik_sim=0.268;yazar_rec=0.0,C:\Users\EG\Desktop\Tubitak___is\06_Benchmark_Veritabani\kolay_ham\makale_1297474.pdf,header-title-yok,zor,header-title-yok,taze_zor
1300416,0,tr,29,2024,Türkiye Barolar Birliği Dergisi,91.9,2529,756,0,0.0,0.925,0.0,60355,1,baslik_sim=0.0;yazar_rec=0.0,C:\Users\EG\Desktop\Tubitak___is\06_Benchmark_Veritabani\kolay_ham\makale_1300416.pdf,header-title-yok,zor,header-title-yok,taze_zor
1309885,0,mix,32,2025,Adalet Dergisi ,92.2,3593,1209,0,0.0,1.0,0.0,78833,1,sayfa=32;baslik_sim=0.0;yazar_rec=0.0,C:\Users\EG\Desktop\Tubitak___is\06_Benchmark_Veritabani\kolay_ham\makale_1309885.pdf,header-title-yok,zor,header-title-yok,taze_zor
1311239,0,tr,25,2025,İZMİR BAROSU DERGİSİ,94.6,2250,818,10,0.0,0.993,0.0,43763,1,karakter-bozuk;baslik_sim=0.0;yazar_rec=0.0,C:\Users\EG\Desktop\Tubitak___is\06_Benchmark_Veritabani\kolay_ham\makale_1311239.pdf,karakter-anomali,zor,karakter-anomali,taze_zor
1314752,0,tr,11,2025,Anatolia: Turizm Araştırmaları Dergisi,92.6,3401,1234,0,0.219,0.722,0.0,25569,1,baslik_sim=0.219;yazar_rec=0.0,C:\Users\EG\Desktop\Tubitak___is\06_Benchmark_Veritabani\kolay_ham\makale_1314752.pdf,header-title-yok,zor,header-title-yok,taze_zor
1315039,0,tr,7,2025,KSÜ Mühendislik Bilimleri Dergisi,91.7,3881,1786,0,0.324,0.564,0.5,14750,1,baslik_sim=0.324,C:\Users\EG\Desktop\Tubitak___is\06_Benchmark_Veritabani\kolay_ham\makale_1315039.pdf,baslik-yanlis,orta,baslik-yanlis,taze_zor
1317692,0,tr,4,2024,Çocuk ve Gençlik Ruh Sağlığı Dergisi,92.5,5290,1226,0,0.231,0.02,1.0,10820,1,baslik_sim=0.231;ozet_sim=0.02,C:\Users\EG\Desktop\Tubitak___is\06_Benchmark_Veritabani\kolay_ham\makale_1317692.pdf,header-title-yok,zor,header-title-yok,taze_zor
1319376,0,tr,18,2025,Beytulhikme An International Journal of Philosophy,94.1,2586,1018,0,0.0,0.998,0.0,39315,1,baslik_sim=0.0;yazar_rec=0.0,C:\Users\EG\Desktop\Tubitak___is\06_Benchmark_Veritabani\kolay_ham\makale_1319376.pdf,header-title-yok,zor,header-title-yok,taze_zor
1326505,0,tr,28,2025,Medya ve Din Araştırmaları Dergisi (Online)    ,94.2,3855,1409,0,0.304,0.139,1.0,62942,1,baslik_sim=0.304;ozet_sim=0.139,C:\Users\EG\Desktop\Tubitak___is\06_Benchmark_Veritabani\kolay_ham\makale_1326505.pdf,baslik-yanlis,orta,baslik-yanlis,taze_zor
1328725,0,mix,16,2025,Akademik Dil ve Edebiyat Dergisi ,94.8,3196,1133,0,0.312,0.02,0.0,34674,1,baslik_sim=0.312;ozet_sim=0.02;yazar_rec=0.0,C:\Users\EG\Desktop\Tubitak___is\06_Benchmark_Veritabani\kolay_ham\makale_1328725.pdf,baslik-yanlis,orta,baslik-yanlis,taze_zor
1330977,0,mix,17,2025,Kent Akademisi (Online),91.2,2050,759,0,0.241,0.979,1.0,17815,1,baslik_sim=0.241,C:\Users\EG\Desktop\Tubitak___is\06_Benchmark_Veritabani\kolay_ham\makale_1330977.pdf,header-title-yok,zor,header-title-yok,taze_zor
1331035,0,tr,11,2025,Journal of innovative engineering and natural science (Online),92.8,2867,978,4,0.0,1.0,0.0,14759,1,baslik_sim=0.0;yazar_rec=0.0,C:\Users\EG\Desktop\Tubitak___is\06_Benchmark_Veritabani\kolay_ham\makale_1331035.pdf,header-title-yok,zor,header-title-yok,taze_zor
1332424,0,tr,13,2025,Dumlupınar Üniversitesi Sosyal Bilimler Dergisi,95.3,4268,1690,0,0.246,0.011,1.0,37100,1,baslik_sim=0.246;ozet_sim=0.011,C:\Users\EG\Desktop\Tubitak___is\06_Benchmark_Veritabani\kolay_ham\makale_1332424.pdf,header-title-yok,zor,header-title-yok,taze_zor
1344799,0,tr,29,2025,Sayıştay Dergisi,94.2,2534,1041,0,0.657,0.995,1.0,54657,1,baslik_sim=0.657,C:\Users\EG\Desktop\Tubitak___is\06_Benchmark_Veritabani\kolay_ham\makale_1344799.pdf,baslik-yanlis,orta,baslik-yanlis,taze_zor
1352222,0,tr,12,2025,Türkiye Klinikleri Hemşirelik Bilimleri Dergisi,94.7,3978,1603,0,0.163,0.572,0.5,35201,1,baslik_sim=0.163,C:\Users\EG\Desktop\Tubitak___is\06_Benchmark_Veritabani\kolay_ham\makale_1352222.pdf,header-title-yok,zor,header-title-yok,taze_zor
1354521,0,tr,30,2025,Toplum ve Sosyal Hizmet,93.6,2967,1073,0,0.356,0.459,1.0,60275,1,baslik_sim=0.356,C:\Users\EG\Desktop\Tubitak___is\06_Benchmark_Veritabani\kolay_ham\makale_1354521.pdf,baslik-yanlis,orta,baslik-yanlis,taze_zor
1354771,0,tr,5,2025,Kadim,94.1,2610,1240,0,0.0,0.015,0.0,9499,1,baslik_sim=0.0;ozet_sim=0.015;yazar_rec=0.0,C:\Users\EG\Desktop\Tubitak___is\06_Benchmark_Veritabani\kolay_ham\makale_1354771.pdf,header-title-yok,zor,header-title-yok,taze_zor
1363746,0,mix,35,2025,Atatürk Araştırma Merkezi Dergisi,93.0,1871,645,0,0.0,0.76,0.0,32050,1,sayfa=35;baslik_sim=0.0;yazar_rec=0.0,C:\Users\EG\Desktop\Tubitak___is\06_Benchmark_Veritabani\kolay_ham\makale_1363746.pdf,header-title-yok,zor,header-title-yok,taze_zor
1383987,0,tr,35,2025,Marmara Üniversitesi Hukuk Fakültesi Hukuk Araştırmaları Dergisi,90.2,3754,1488,0,0.677,0.315,1.0,104594,1,sayfa=35;baslik_sim=0.677;ozet_sim=0.315,C:\Users\EG\Desktop\Tubitak___is\06_Benchmark_Veritabani\kolay_ham\makale_1383987.pdf,baslik-yanlis,orta,baslik-yanlis,taze_zor
1384271,0,tr,22,2026,Toplum ve Sosyal Hizmet,92.5,3308,1286,0,0.28,1.0,1.0,48749,1,baslik_sim=0.28,C:\Users\EG\Desktop\Tubitak___is\06_Benchmark_Veritabani\kolay_ham\makale_1384271.pdf,header-title-yok,zor,header-title-yok,taze_zor
1387695,0,tr,38,2024,,72.2,855,328,0,0.0,0.023,0.0,47015,1,sayfa=38;baslik_sim=0.0;ozet_sim=0.023;yazar_rec=0.0,C:\Users\EG\Desktop\Tubitak___is\06_Benchmark_Veritabani\kolay_ham\makale_1387695.pdf,header-title-yok,zor,header-title-yok,taze_zor
1389171,0,tr,9,2025,Türkiye Klinikleri Sağlık Bilimleri Dergisi,80.8,4226,1511,0,0.291,0.839,0.5,21787,1,baslik_sim=0.291,C:\Users\EG\Desktop\Tubitak___is\06_Benchmark_Veritabani\kolay_ham\makale_1389171.pdf,header-title-yok,zor,header-title-yok,taze_zor
1392517,0,tr,30,2024,Colloquium Anatolicum,87.6,2042,876,0,0.545,0.773,0.0,45060,1,baslik_sim=0.545;yazar_rec=0.0,C:\Users\EG\Desktop\Tubitak___is\06_Benchmark_Veritabani\kolay_ham\makale_1392517.pdf,baslik-yanlis,orta,baslik-yanlis,taze_zor
1397637,0,tr,23,2026,Güncel turizm araştırmaları dergisi (Online),92.7,3537,1413,0,0.0,0.141,1.0,50788,1,baslik_sim=0.0;ozet_sim=0.141,C:\Users\EG\Desktop\Tubitak___is\06_Benchmark_Veritabani\kolay_ham\makale_1397637.pdf,header-title-yok,zor,header-title-yok,taze_zor
1398320,0,tr,5,2025,Selcuk Dental Journal,84.2,5924,2251,0,0.209,0.886,1.0,18667,1,baslik_sim=0.209,C:\Users\EG\Desktop\Tubitak___is\06_Benchmark_Veritabani\kolay_ham\makale_1398320.pdf,header-title-yok,zor,header-title-yok,taze_zor
1406547,0,tr,33,2023,Adıyaman Üniversitesi Sosyal Bilimler Enstitü Dergisi,92.8,2206,977,0,1.0,1.0,0.0,46658,1,sayfa=33;yazar_rec=0.0,C:\Users\EG\Desktop\Tubitak___is\06_Benchmark_Veritabani\kolay_ham\makale_1406547.pdf,yazar-eksik,orta,yazar-eksik,taze_zor
1406785,0,tr,36,2026,Trakya Eğitim Dergisi,92.2,4020,1716,0,0.0,0.626,0.5,86652,1,sayfa=36;baslik_sim=0.0,C:\Users\EG\Desktop\Tubitak___is\06_Benchmark_Veritabani\kolay_ham\makale_1406785.pdf,header-title-yok,zor,header-title-yok,taze_zor
1425415,0,tr,18,2026,Karadeniz Fen Bilimleri Dergisi,93.2,2994,996,0,0.211,0.818,0.67,27840,1,baslik_sim=0.211,C:\Users\EG\Desktop\Tubitak___is\06_Benchmark_Veritabani\kolay_ham\makale_1425415.pdf,header-title-yok,zor,header-title-yok,taze_zor
1427902,0,tr,24,2026,Osmanlı Medeniyeti Araştırmaları Dergisi,92.4,3649,1328,0,0.0,0.009,0.0,64910,1,baslik_sim=0.0;ozet_sim=0.009;yazar_rec=0.0,C:\Users\EG\Desktop\Tubitak___is\06_Benchmark_Veritabani\kolay_ham\makale_1427902.pdf,header-title-yok,zor,header-title-yok,taze_zor
1435660,0,tr,33,2025,,72.4,1210,366,0,0.0,0.009,1.0,35840,1,sayfa=33;baslik_sim=0.0;ozet_sim=0.009,C:\Users\EG\Desktop\Tubitak___is\06_Benchmark_Veritabani\kolay_ham\makale_1435660.pdf,header-title-yok,zor,header-title-yok,taze_zor
1436229,0,tr,24,2026,ÖNERİ,94.0,2890,1113,0,0.189,0.995,1.0,57257,1,baslik_sim=0.189,C:\Users\EG\Desktop\Tubitak___is\06_Benchmark_Veritabani\kolay_ham\makale_1436229.pdf,header-title-yok,zor,header-title-yok,taze_zor
1442120,0,tr,22,2025,Abant İzzet Baysal Üniversitesi Eğitim Fakültesi Dergisi,92.8,4667,2014,0,0.268,0.999,1.0,60498,1,baslik_sim=0.268,C:\Users\EG\Desktop\Tubitak___is\06_Benchmark_Veritabani\kolay_ham\makale_1442120.pdf,header-title-yok,zor,header-title-yok,taze_zor
